customer_id,segment,industry,plan_type,mrr,clv,usage_score,nps_score,support_tickets,churn_probability,risk_category
CUST_000482,Small Business,Education,Basic,49.00,870.38,50,42,1,1.00,Very High Risk
CUST_002148,Small Business,Manufacturing,Basic,49.00,794.79,44,40,3,1.00,Very High Risk
CUST_002591,Small Business,Healthcare,Basic,49.00,640.67,44,84,1,1.00,Very High Risk
CUST_001773,Enterprise,Finance,Business,399.00,5322.73,47,25,2,1.00,Very High Risk
CUST_002021,Small Business,Technology,Basic,49.00,1012.85,41,69,3,1.00,Very High Risk
CUST_002463,Enterprise,Technology,Basic,49.00,893.94,46,66,3,1.00,Very High Risk
CUST_003630,Mid-Market,Retail,Business,399.00,6529.52,45,81,3,1.00,Very High Risk
CUST_003507,Small Business,Real Estate,Basic,49.00,953.76,68,24,2,1.00,Very High Risk
CUST_000557,Small Business,Finance,Professional,149.00,2496.25,68,95,2,1.00,Very High Risk
CUST_000550,Small Business,Retail,Professional,149.00,1419.67,43,-14,1,1.00,Very High Risk
CUST_000107,Startup,Finance,Basic,49.00,559.08,70,13,1,1.00,Very High Risk
CUST_001269,Small Business,Manufacturing,Professional,149.00,1707.44,46,62,2,1.00,Very High Risk
CUST_001631,Small Business,Technology,Basic,49.00,648.67,66,25,1,1.00,Very High Risk
CUST_000502,Startup,Healthcare,Professional,149.00,1827.05,45,22,1,1.00,Very High Risk
CUST_004820,Startup,Technology,Business,399.00,5531.40,59,55,0,1.00,Very High Risk
CUST_003815,Small Business,Finance,Professional,149.00,1647.00,76,26,2,1.00,Very High Risk
CUST_001315,Mid-Market,Other,Professional,149.00,1906.82,50,60,2,1.00,Very High Risk
CUST_003192,Small Business,Technology,Enterprise,999.00,13832.70,72,19,0,1.00,Very High Risk
CUST_000344,Small Business,Technology,Business,399.00,5014.70,75,-48,0,1.00,Very High Risk
CUST_000453,Small Business,Retail,Basic,49.00,505.23,52,-8,1,1.00,Very High Risk
CUST_002653,Enterprise,Technology,Basic,49.00,898.99,63,-41,3,1.00,Very High Risk
CUST_000183,Small Business,Healthcare,Basic,49.00,583.35,44,-49,2,1.00,Very High Risk
CUST_004637,Startup,Education,Basic,49.00,485.34,40,52,4,1.00,Very High Risk
CUST_004027,Small Business,Retail,Basic,49.00,705.72,42,23,4,1.00,Very High Risk
CUST_000414,Small Business,Manufacturing,Basic,49.00,878.15,47,47,4,1.00,Very High Risk
CUST_004963,Small Business,Manufacturing,Business,399.00,5636.34,47,-24,3,1.00,Very High Risk
CUST_003857,Small Business,Real Estate,Business,399.00,7868.45,42,1,0,1.00,Very High Risk
CUST_002940,Startup,Healthcare,Basic,49.00,347.54,48,39,1,1.00,Very High Risk
CUST_000363,Small Business,Technology,Business,399.00,5554.06,73,48,0,1.00,Very High Risk
CUST_001601,Startup,Real Estate,Basic,49.00,921.39,48,-49,3,1.00,Very High Risk
CUST_003874,Small Business,Technology,Basic,49.00,661.05,41,-1,1,1.00,Very High Risk
CUST_001240,Enterprise,Other,Enterprise,999.00,13156.53,79,90,0,1.00,Very High Risk
CUST_000750,Small Business,Education,Professional,149.00,1067.89,41,32,3,1.00,Very High Risk
CUST_004864,Mid-Market,Real Estate,Business,399.00,7208.12,56,39,3,1.00,Very High Risk
CUST_001351,Startup,Finance,Basic,49.00,550.67,52,92,1,1.00,Very High Risk
CUST_003135,Startup,Other,Professional,149.00,1354.55,44,13,3,1.00,Very High Risk
CUST_001385,Small Business,Finance,Professional,149.00,1679.58,45,0,6,1.00,Very High Risk
CUST_004310,Small Business,Healthcare,Basic,49.00,1176.67,51,-17,2,1.00,Very High Risk
CUST_004125,Startup,Real Estate,Professional,149.00,3319.82,41,5,3,1.00,Very High Risk
CUST_000119,Small Business,Other,Professional,149.00,1089.69,48,-27,1,1.00,Very High Risk
CUST_004799,Startup,Manufacturing,Business,399.00,5534.98,53,38,4,1.00,Very High Risk
CUST_003699,Enterprise,Healthcare,Basic,49.00,442.41,44,27,2,1.00,Very High Risk
CUST_004188,Small Business,Manufacturing,Basic,49.00,832.12,55,8,1,1.00,Very High Risk
CUST_002559,Mid-Market,Technology,Basic,49.00,302.34,58,29,1,1.00,Very High Risk
CUST_001047,Mid-Market,Technology,Basic,49.00,910.20,50,55,4,1.00,Very High Risk
CUST_001120,Small Business,Technology,Basic,49.00,930.44,64,35,2,1.00,Very High Risk
CUST_003297,Small Business,Finance,Business,399.00,6757.03,43,58,4,1.00,Very High Risk
CUST_001851,Startup,Technology,Business,399.00,6037.97,47,49,5,1.00,Very High Risk
CUST_004100,Small Business,Retail,Professional,149.00,3397.85,47,81,2,1.00,Very High Risk
CUST_001498,Small Business,Manufacturing,Business,399.00,6877.69,51,-18,4,1.00,Very High Risk
CUST_002211,Mid-Market,Technology,Basic,49.00,631.69,64,17,4,1.00,Very High Risk
CUST_004378,Startup,Healthcare,Basic,49.00,241.49,50,28,2,1.00,Very High Risk
CUST_004966,Startup,Technology,Basic,49.00,354.72,45,29,2,1.00,Very High Risk
CUST_004829,Small Business,Technology,Professional,149.00,1061.13,40,41,2,1.00,Very High Risk
CUST_003296,Small Business,Finance,Business,399.00,6439.99,42,14,2,1.00,Very High Risk
CUST_001971,Small Business,Technology,Basic,49.00,911.66,53,65,3,1.00,Very High Risk
CUST_002642,Small Business,Healthcare,Business,399.00,5832.41,65,82,0,1.00,Very High Risk
CUST_003680,Small Business,Technology,Business,399.00,6943.46,45,0,5,1.00,Very High Risk
CUST_002260,Small Business,Healthcare,Basic,49.00,948.76,66,77,2,1.00,Very High Risk
CUST_003034,Mid-Market,Manufacturing,Basic,49.00,655.08,62,-38,2,1.00,Very High Risk
CUST_004237,Startup,Retail,Business,399.00,8009.53,52,-13,1,1.00,Very High Risk
CUST_004069,Small Business,Finance,Professional,149.00,2302.24,44,33,1,1.00,Very High Risk
CUST_004945,Small Business,Finance,Basic,49.00,695.03,78,35,2,1.00,Very High Risk
CUST_001961,Startup,Finance,Business,399.00,2010.56,47,80,2,1.00,Very High Risk
CUST_004862,Startup,Manufacturing,Business,399.00,1628.74,51,53,1,1.00,Very High Risk
CUST_004427,Startup,Other,Professional,149.00,1209.09,44,-5,3,1.00,Very High Risk
CUST_003201,Small Business,Real Estate,Professional,149.00,1822.12,42,-33,3,1.00,Very High Risk
CUST_004718,Startup,Healthcare,Professional,149.00,3365.45,42,10,0,1.00,Very High Risk
CUST_003588,Startup,Finance,Basic,49.00,813.92,54,-8,2,1.00,Very High Risk
CUST_003707,Small Business,Manufacturing,Enterprise,999.00,16936.17,43,26,3,1.00,Very High Risk
CUST_004464,Startup,Retail,Professional,149.00,1224.42,48,-42,2,1.00,Very High Risk
CUST_002455,Small Business,Healthcare,Basic,49.00,496.19,52,67,3,1.00,Very High Risk
CUST_000837,Small Business,Manufacturing,Basic,49.00,435.85,53,26,4,1.00,Very High Risk
CUST_002687,Small Business,Technology,Enterprise,999.00,16846.23,47,43,1,1.00,Very High Risk
CUST_000665,Startup,Technology,Professional,149.00,1138.93,43,9,0,1.00,Very High Risk
CUST_003650,Small Business,Healthcare,Business,399.00,3930.47,58,46,0,1.00,Very High Risk
CUST_001129,Small Business,Healthcare,Basic,49.00,901.82,79,-46,1,1.00,Very High Risk
CUST_001069,Mid-Market,Real Estate,Professional,149.00,2547.40,65,50,3,1.00,Very High Risk
CUST_002200,Mid-Market,Technology,Basic,49.00,640.49,63,0,4,1.00,Very High Risk
CUST_004606,Small Business,Finance,Professional,149.00,3037.43,53,30,1,1.00,Very High Risk
CUST_003947,Small Business,Technology,Business,399.00,4434.12,47,43,4,1.00,Very High Risk
CUST_002023,Mid-Market,Education,Basic,49.00,418.15,52,-17,1,1.00,Very High Risk
CUST_003574,Mid-Market,Finance,Basic,49.00,390.70,53,11,1,1.00,Very High Risk
CUST_001115,Small Business,Healthcare,Business,399.00,5747.60,63,16,2,1.00,Very High Risk
CUST_000221,Mid-Market,Real Estate,Basic,49.00,681.15,48,26,1,1.00,Very High Risk
CUST_001119,Startup,Technology,Professional,149.00,2263.59,64,91,2,1.00,Very High Risk
CUST_002307,Enterprise,Other,Professional,149.00,1966.89,50,-17,2,1.00,Very High Risk
CUST_000337,Startup,Manufacturing,Professional,149.00,1096.01,44,63,0,1.00,Very High Risk
CUST_002980,Enterprise,Manufacturing,Basic,49.00,426.40,51,19,3,1.00,Very High Risk
CUST_002331,Mid-Market,Technology,Basic,49.00,823.81,47,9,1,1.00,Very High Risk
CUST_002008,Startup,Real Estate,Professional,149.00,1946.43,44,-13,2,1.00,Very High Risk
CUST_002909,Mid-Market,Other,Professional,149.00,1367.16,53,25,2,1.00,Very High Risk
CUST_001537,Small Business,Retail,Enterprise,999.00,9136.10,79,81,0,1.00,Very High Risk
CUST_002366,Small Business,Finance,Professional,149.00,1936.90,59,54,2,1.00,Very High Risk
CUST_003367,Small Business,Technology,Business,399.00,2498.86,54,8,3,1.00,Very High Risk
CUST_001491,Mid-Market,Technology,Professional,149.00,1863.16,41,6,1,1.00,Very High Risk
CUST_001448,Startup,Finance,Business,399.00,2418.26,43,-20,3,1.00,Very High Risk
CUST_001087,Mid-Market,Technology,Professional,149.00,2423.80,64,60,3,1.00,Very High Risk
CUST_002917,Mid-Market,Technology,Professional,149.00,3267.33,59,7,3,1.00,Very High Risk
CUST_004754,Mid-Market,Real Estate,Professional,149.00,2539.19,69,27,4,1.00,Very High Risk
CUST_004884,Startup,Healthcare,Professional,149.00,3200.54,45,23,2,1.00,Very High Risk
CUST_003746,Startup,Healthcare,Basic,49.00,284.79,59,69,1,1.00,Very High Risk
CUST_003403,Small Business,Technology,Basic,49.00,722.93,53,61,2,1.00,Very High Risk
CUST_000656,Enterprise,Technology,Business,399.00,7220.35,55,13,4,1.00,Very High Risk
CUST_000023,Small Business,Real Estate,Professional,149.00,3274.30,48,52,2,1.00,Very High Risk
CUST_001972,Small Business,Retail,Professional,149.00,3000.56,42,46,2,1.00,Very High Risk
CUST_000822,Mid-Market,Retail,Business,399.00,6395.40,44,47,0,1.00,Very High Risk
CUST_000828,Small Business,Finance,Basic,49.00,1121.86,55,58,2,1.00,Very High Risk
CUST_002609,Small Business,Manufacturing,Basic,49.00,962.58,67,-15,3,1.00,Very High Risk
CUST_004488,Mid-Market,Healthcare,Basic,49.00,203.14,61,-47,1,1.00,Very High Risk
CUST_001808,Mid-Market,Finance,Business,399.00,3287.26,55,8,0,1.00,Very High Risk
CUST_002840,Mid-Market,Finance,Business,399.00,6002.56,47,5,5,1.00,Very High Risk
CUST_002416,Mid-Market,Healthcare,Professional,149.00,1057.94,43,34,4,1.00,Very High Risk
CUST_003275,Small Business,Manufacturing,Professional,149.00,809.79,47,12,3,1.00,Very High Risk
CUST_001454,Small Business,Other,Basic,49.00,787.80,66,41,2,1.00,Very High Risk
CUST_001446,Startup,Healthcare,Business,399.00,7554.95,66,36,1,1.00,Very High Risk
CUST_002539,Startup,Manufacturing,Professional,149.00,2442.94,55,-17,1,1.00,Very High Risk
CUST_002765,Startup,Healthcare,Professional,149.00,2745.44,46,-8,3,1.00,Very High Risk
CUST_001532,Small Business,Retail,Basic,49.00,686.16,57,-41,2,1.00,Very High Risk
CUST_000718,Mid-Market,Healthcare,Basic,49.00,599.04,70,64,3,1.00,Very High Risk
CUST_001825,Startup,Education,Business,399.00,3527.04,43,-23,0,1.00,Very High Risk
CUST_002756,Mid-Market,Healthcare,Professional,149.00,978.00,72,34,2,1.00,Very High Risk
CUST_004145,Small Business,Healthcare,Basic,49.00,540.31,62,76,2,1.00,Very High Risk
CUST_001915,Startup,Technology,Professional,149.00,2436.38,59,77,2,1.00,Very High Risk
CUST_002862,Startup,Finance,Basic,49.00,1000.98,41,40,1,1.00,Very High Risk
CUST_001210,Mid-Market,Technology,Basic,49.00,1101.18,57,83,2,1.00,Very High Risk
CUST_004834,Small Business,Technology,Professional,149.00,2803.72,58,26,2,1.00,Very High Risk
CUST_002364,Small Business,Finance,Basic,49.00,406.13,31,90,1,1.00,Very High Risk
CUST_002471,Mid-Market,Other,Business,399.00,3223.08,51,42,4,1.00,Very High Risk
CUST_003053,Mid-Market,Technology,Business,399.00,2450.04,66,83,1,1.00,Very High Risk
CUST_003244,Mid-Market,Healthcare,Enterprise,999.00,14817.15,72,41,1,1.00,Very High Risk
CUST_003899,Mid-Market,Retail,Basic,49.00,553.56,58,62,3,1.00,Very High Risk
CUST_001299,Small Business,Technology,Business,399.00,7007.56,69,-3,1,1.00,Very High Risk
CUST_001222,Mid-Market,Healthcare,Basic,49.00,201.47,44,55,0,1.00,Very High Risk
CUST_001391,Mid-Market,Finance,Business,399.00,3283.19,59,4,2,1.00,Very High Risk
CUST_004157,Enterprise,Manufacturing,Business,399.00,8547.21,50,28,1,1.00,Very High Risk
CUST_002185,Small Business,Healthcare,Basic,49.00,996.24,72,-15,3,1.00,Very High Risk
CUST_000600,Startup,Manufacturing,Professional,149.00,3119.37,53,26,2,0.99,Very High Risk
CUST_001616,Mid-Market,Healthcare,Professional,149.00,3056.87,60,-25,3,0.99,Very High Risk
CUST_002057,Mid-Market,Technology,Professional,149.00,912.24,55,90,2,0.99,Very High Risk
CUST_000512,Small Business,Manufacturing,Business,399.00,6835.23,62,-6,1,0.99,Very High Risk
CUST_003772,Mid-Market,Technology,Business,399.00,6013.50,46,48,1,0.99,Very High Risk
CUST_001287,Startup,Finance,Business,399.00,3372.37,55,-30,2,0.99,Very High Risk
CUST_003088,Startup,Finance,Basic,49.00,988.15,21,45,3,0.99,Very High Risk
CUST_003700,Enterprise,Healthcare,Basic,49.00,943.60,44,6,0,0.99,Very High Risk
CUST_004478,Small Business,Retail,Basic,49.00,257.61,29,66,2,0.99,Very High Risk
CUST_001659,Small Business,Technology,Basic,49.00,587.54,61,82,3,0.99,Very High Risk
CUST_001332,Mid-Market,Finance,Professional,149.00,3230.93,72,87,1,0.99,Very High Risk
CUST_000836,Startup,Retail,Business,399.00,1986.09,75,88,2,0.99,Very High Risk
CUST_000524,Small Business,Healthcare,Basic,49.00,684.04,77,-26,3,0.99,Very High Risk
CUST_000457,Startup,Education,Basic,49.00,737.78,77,8,4,0.99,Very High Risk
CUST_001556,Small Business,Finance,Basic,49.00,391.54,23,43,2,0.99,Very High Risk
CUST_004616,Small Business,Retail,Professional,149.00,3032.19,60,36,2,0.99,Very High Risk
CUST_000954,Small Business,Healthcare,Basic,49.00,243.73,69,50,2,0.99,Very High Risk
CUST_004988,Small Business,Finance,Professional,149.00,1736.37,56,94,2,0.99,Very High Risk
CUST_002872,Startup,Healthcare,Professional,149.00,3351.40,65,-30,3,0.99,Very High Risk
CUST_003040,Small Business,Finance,Basic,49.00,655.26,30,54,2,0.99,Very High Risk
CUST_004117,Small Business,Manufacturing,Basic,49.00,994.09,64,96,0,0.99,Very High Risk
CUST_003147,Startup,Healthcare,Basic,49.00,794.12,30,39,2,0.99,Very High Risk
CUST_003932,Startup,Technology,Basic,49.00,1112.39,63,19,2,0.99,Very High Risk
CUST_004808,Enterprise,Retail,Basic,49.00,249.57,47,-16,5,0.99,Very High Risk
CUST_001306,Startup,Healthcare,Basic,49.00,960.31,35,12,2,0.99,Very High Risk
CUST_001086,Mid-Market,Healthcare,Business,399.00,3183.31,58,53,1,0.99,Very High Risk
CUST_004319,Small Business,Technology,Basic,49.00,353.08,63,87,0,0.99,Very High Risk
CUST_003906,Small Business,Technology,Basic,49.00,936.26,49,14,2,0.99,Very High Risk
CUST_000339,Startup,Real Estate,Basic,49.00,439.96,11,11,2,0.99,Very High Risk
CUST_003743,Small Business,Healthcare,Enterprise,999.00,14084.91,42,17,0,0.99,Very High Risk
CUST_000974,Small Business,Technology,Basic,49.00,1089.57,56,33,0,0.99,Very High Risk
CUST_002399,Mid-Market,Real Estate,Professional,149.00,1857.47,69,59,2,0.99,Very High Risk
CUST_004898,Small Business,Retail,Business,399.00,8895.32,45,64,2,0.99,Very High Risk
CUST_003773,Small Business,Healthcare,Basic,49.00,1079.21,45,78,3,0.99,Very High Risk
CUST_002726,Mid-Market,Education,Business,399.00,7029.17,59,30,3,0.99,Very High Risk
CUST_003454,Mid-Market,Retail,Professional,149.00,1040.54,74,24,1,0.99,Very High Risk
CUST_002261,Mid-Market,Technology,Business,399.00,2426.04,70,51,1,0.99,Very High Risk
CUST_000100,Mid-Market,Manufacturing,Basic,49.00,287.19,76,13,1,0.99,Very High Risk
CUST_002802,Startup,Healthcare,Professional,149.00,867.60,65,-46,1,0.99,Very High Risk
CUST_003341,Small Business,Retail,Business,399.00,7136.81,14,44,3,0.99,Very High Risk
CUST_000593,Enterprise,Finance,Basic,49.00,883.40,66,65,3,0.99,Very High Risk
CUST_002065,Startup,Manufacturing,Enterprise,999.00,22085.57,49,28,3,0.99,Very High Risk
CUST_004611,Small Business,Retail,Business,399.00,2330.25,42,30,4,0.99,Very High Risk
CUST_003388,Startup,Education,Basic,49.00,435.45,33,15,2,0.99,Very High Risk
CUST_003273,Small Business,Manufacturing,Basic,49.00,454.53,36,34,4,0.99,Very High Risk
CUST_002301,Startup,Healthcare,Basic,49.00,856.95,0,10,3,0.99,Very High Risk
CUST_004239,Small Business,Real Estate,Basic,49.00,467.59,38,44,1,0.99,Very High Risk
CUST_003701,Startup,Technology,Business,399.00,8318.83,47,-44,2,0.99,Very High Risk
CUST_000052,Small Business,Technology,Business,399.00,8120.14,46,-24,2,0.99,Very High Risk
CUST_002529,Small Business,Finance,Basic,49.00,690.22,51,52,1,0.99,Very High Risk
CUST_001398,Small Business,Education,Business,399.00,6154.30,65,93,4,0.99,Very High Risk
CUST_004026,Small Business,Technology,Basic,49.00,937.29,40,66,2,0.99,Very High Risk
CUST_003194,Small Business,Manufacturing,Basic,49.00,528.66,50,22,0,0.99,Very High Risk
CUST_002990,Mid-Market,Retail,Business,399.00,5282.93,55,-6,3,0.99,Very High Risk
CUST_002253,Mid-Market,Real Estate,Business,399.00,3739.70,52,11,3,0.99,Very High Risk
CUST_000276,Small Business,Technology,Business,399.00,5177.83,44,75,3,0.99,Very High Risk
CUST_001282,Enterprise,Finance,Basic,49.00,744.20,77,85,3,0.99,Very High Risk
CUST_000072,Startup,Manufacturing,Basic,49.00,996.45,19,69,1,0.99,Very High Risk
CUST_000330,Mid-Market,Retail,Professional,149.00,2738.21,55,40,1,0.99,Very High Risk
CUST_000323,Mid-Market,Retail,Basic,49.00,701.86,42,-27,2,0.99,Very High Risk
CUST_003850,Startup,Technology,Basic,49.00,282.61,30,50,2,0.99,Very High Risk
CUST_003250,Startup,Technology,Basic,49.00,631.24,57,53,3,0.99,Very High Risk
CUST_004551,Small Business,Finance,Business,399.00,4789.33,39,15,2,0.99,Very High Risk
CUST_001064,Small Business,Real Estate,Business,399.00,2768.67,50,12,4,0.99,Very High Risk
CUST_002920,Mid-Market,Education,Basic,49.00,631.01,33,15,2,0.99,Very High Risk
CUST_003161,Startup,Technology,Professional,149.00,1216.06,47,72,1,0.99,Very High Risk
CUST_003763,Enterprise,Other,Business,399.00,7440.29,64,48,1,0.99,Very High Risk
CUST_001768,Small Business,Healthcare,Basic,49.00,986.49,81,2,2,0.99,Very High Risk
CUST_001660,Mid-Market,Healthcare,Professional,149.00,2722.84,54,-5,1,0.99,Very High Risk
CUST_001243,Mid-Market,Other,Business,399.00,3950.85,61,-27,2,0.99,Very High Risk
CUST_003800,Small Business,Healthcare,Basic,49.00,192.34,49,0,3,0.99,Very High Risk
CUST_003980,Small Business,Retail,Professional,149.00,3321.75,51,18,1,0.99,Very High Risk
CUST_002380,Startup,Technology,Basic,49.00,593.64,79,37,5,0.99,Very High Risk
CUST_000604,Mid-Market,Technology,Basic,49.00,933.38,62,63,3,0.99,Very High Risk
CUST_004074,Startup,Finance,Professional,149.00,1017.62,66,41,1,0.99,Very High Risk
CUST_003869,Enterprise,Manufacturing,Professional,149.00,920.93,70,42,0,0.99,Very High Risk
CUST_003486,Enterprise,Healthcare,Basic,49.00,357.43,74,-11,2,0.99,Very High Risk
CUST_003654,Mid-Market,Retail,Basic,49.00,841.49,51,2,2,0.99,Very High Risk
CUST_002410,Mid-Market,Real Estate,Business,399.00,2879.46,66,95,0,0.99,Very High Risk
CUST_001094,Startup,Technology,Business,399.00,6405.28,34,72,5,0.99,Very High Risk
CUST_001026,Small Business,Healthcare,Basic,49.00,382.90,65,-12,3,0.99,Very High Risk
CUST_000987,Small Business,Finance,Professional,149.00,1334.15,73,80,1,0.99,Very High Risk
CUST_004536,Small Business,Real Estate,Business,399.00,4734.83,78,1,4,0.99,Very High Risk
CUST_001814,Small Business,Technology,Enterprise,999.00,8875.44,63,8,2,0.99,Very High Risk
CUST_000142,Mid-Market,Real Estate,Basic,49.00,1080.76,54,46,0,0.99,Very High Risk
CUST_001118,Enterprise,Manufacturing,Professional,149.00,1081.94,43,64,1,0.99,Very High Risk
CUST_000357,Small Business,Retail,Basic,49.00,1117.44,25,62,2,0.99,Very High Risk
CUST_002518,Mid-Market,Healthcare,Business,399.00,8894.87,77,100,1,0.99,Very High Risk
CUST_003510,Small Business,Technology,Professional,149.00,2102.35,38,53,2,0.99,Very High Risk
CUST_000293,Small Business,Finance,Professional,149.00,1937.52,87,-14,0,0.99,Very High Risk
CUST_001319,Mid-Market,Manufacturing,Professional,149.00,3141.18,52,19,4,0.99,Very High Risk
CUST_002230,Small Business,Retail,Professional,149.00,2286.07,63,-73,2,0.99,Very High Risk
CUST_000495,Small Business,Education,Business,399.00,2368.42,54,45,2,0.99,Very High Risk
CUST_004196,Mid-Market,Technology,Professional,149.00,2704.71,65,53,2,0.99,Very High Risk
CUST_002601,Startup,Technology,Business,399.00,4634.94,38,10,2,0.99,Very High Risk
CUST_001096,Startup,Finance,Professional,149.00,758.06,63,10,0,0.99,Very High Risk
CUST_003189,Mid-Market,Finance,Basic,49.00,472.48,43,-30,1,0.99,Very High Risk
CUST_002299,Mid-Market,Technology,Business,399.00,7055.93,68,-12,2,0.99,Very High Risk
CUST_000529,Startup,Technology,Basic,49.00,898.89,37,93,1,0.99,Very High Risk
CUST_003894,Mid-Market,Technology,Professional,149.00,2688.62,40,13,2,0.99,Very High Risk
CUST_004018,Small Business,Finance,Basic,49.00,620.67,70,12,2,0.99,Very High Risk
CUST_001502,Small Business,Finance,Basic,49.00,241.67,63,67,2,0.99,Very High Risk
CUST_003523,Small Business,Technology,Basic,49.00,885.76,33,72,3,0.99,Very High Risk
CUST_000843,Small Business,Real Estate,Basic,49.00,640.68,62,-8,4,0.99,Very High Risk
CUST_002834,Mid-Market,Finance,Basic,49.00,889.81,54,20,1,0.99,Very High Risk
CUST_001666,Mid-Market,Manufacturing,Basic,49.00,1012.17,61,3,3,0.99,Very High Risk
CUST_001367,Small Business,Technology,Business,399.00,2066.03,57,14,2,0.99,Very High Risk
CUST_003535,Mid-Market,Retail,Professional,149.00,2913.92,53,-25,0,0.99,Very High Risk
CUST_003753,Mid-Market,Retail,Basic,49.00,643.93,46,33,1,0.99,Very High Risk
CUST_000893,Small Business,Real Estate,Basic,49.00,245.56,49,71,0,0.99,Very High Risk
CUST_004340,Startup,Education,Professional,149.00,1388.14,82,34,0,0.99,Very High Risk
CUST_000947,Mid-Market,Technology,Business,399.00,6390.74,73,16,0,0.99,Very High Risk
CUST_001284,Startup,Education,Enterprise,999.00,10096.38,51,-32,0,0.99,Very High Risk
CUST_002061,Small Business,Healthcare,Basic,49.00,301.62,43,45,2,0.99,Very High Risk
CUST_003981,Mid-Market,Finance,Basic,49.00,387.46,67,64,2,0.99,Very High Risk
CUST_004899,Mid-Market,Finance,Professional,149.00,2804.15,46,36,1,0.99,Very High Risk
CUST_000759,Small Business,Technology,Professional,149.00,1940.27,53,47,3,0.99,Very High Risk
CUST_000638,Small Business,Retail,Professional,149.00,1195.06,66,68,4,0.99,Very High Risk
CUST_003582,Small Business,Technology,Basic,49.00,1143.24,58,13,3,0.99,Very High Risk
CUST_002483,Small Business,Finance,Professional,149.00,3645.44,48,27,0,0.99,Very High Risk
CUST_003887,Enterprise,Finance,Professional,149.00,2679.28,60,49,5,0.99,Very High Risk
CUST_000232,Small Business,Education,Basic,49.00,1078.49,76,9,2,0.99,Very High Risk
CUST_000952,Mid-Market,Technology,Basic,49.00,505.92,56,-25,3,0.99,Very High Risk
CUST_003254,Small Business,Healthcare,Basic,49.00,939.75,58,40,2,0.99,Very High Risk
CUST_000680,Small Business,Real Estate,Basic,49.00,1180.03,41,83,3,0.99,Very High Risk
CUST_003648,Startup,Healthcare,Business,399.00,2365.91,58,-29,4,0.99,Very High Risk
CUST_000993,Mid-Market,Technology,Business,399.00,3655.89,69,-4,0,0.99,Very High Risk
CUST_003945,Small Business,Other,Basic,49.00,348.26,25,76,1,0.99,Very High Risk
CUST_000321,Small Business,Technology,Basic,49.00,509.08,38,51,2,0.99,Very High Risk
CUST_002484,Startup,Technology,Basic,49.00,1056.70,40,53,2,0.99,Very High Risk
CUST_001246,Mid-Market,Retail,Basic,49.00,704.96,65,-33,1,0.99,Very High Risk
CUST_001950,Startup,Manufacturing,Professional,149.00,3477.55,25,94,2,0.99,Very High Risk
CUST_004452,Enterprise,Technology,Basic,49.00,599.39,72,18,2,0.99,Very High Risk
CUST_002056,Small Business,Manufacturing,Professional,149.00,2462.05,15,48,3,0.99,Very High Risk
CUST_003862,Small Business,Technology,Basic,49.00,868.74,53,48,0,0.99,Very High Risk
CUST_001849,Startup,Healthcare,Business,399.00,4631.29,61,60,3,0.99,Very High Risk
CUST_002985,Enterprise,Manufacturing,Business,399.00,9209.59,53,-12,3,0.99,Very High Risk
CUST_002444,Enterprise,Technology,Professional,149.00,3162.79,57,30,0,0.99,Very High Risk
CUST_001761,Small Business,Healthcare,Business,399.00,8820.21,85,36,3,0.99,Very High Risk
CUST_000178,Small Business,Real Estate,Professional,149.00,736.33,61,46,2,0.99,Very High Risk
CUST_000939,Mid-Market,Education,Professional,149.00,2496.64,73,13,3,0.99,Very High Risk
CUST_003143,Startup,Technology,Basic,49.00,1097.29,54,4,0,0.99,Very High Risk
CUST_000131,Small Business,Real Estate,Business,399.00,8007.18,33,22,2,0.99,Very High Risk
CUST_001258,Startup,Finance,Business,399.00,7889.27,65,28,1,0.99,Very High Risk
CUST_001261,Enterprise,Education,Professional,149.00,2810.44,55,-26,1,0.99,Very High Risk
CUST_001404,Mid-Market,Technology,Business,399.00,3254.98,27,10,4,0.99,Very High Risk
CUST_001229,Startup,Finance,Basic,49.00,1034.69,67,24,1,0.99,Very High Risk
CUST_003643,Small Business,Technology,Basic,49.00,977.26,81,87,3,0.99,Very High Risk
CUST_003784,Startup,Manufacturing,Professional,149.00,1082.73,47,-26,4,0.99,Very High Risk
CUST_003424,Small Business,Finance,Basic,49.00,643.17,54,30,2,0.99,Very High Risk
CUST_002288,Mid-Market,Finance,Professional,149.00,2597.79,63,100,3,0.99,Very High Risk
CUST_000416,Mid-Market,Technology,Basic,49.00,636.09,65,-27,2,0.99,Very High Risk
CUST_004155,Small Business,Finance,Basic,49.00,539.90,26,99,6,0.99,Very High Risk
CUST_003965,Small Business,Healthcare,Basic,49.00,589.30,38,-6,1,0.99,Very High Risk
CUST_002144,Small Business,Education,Business,399.00,6689.58,64,17,5,0.99,Very High Risk
CUST_003720,Mid-Market,Healthcare,Professional,149.00,904.59,69,31,4,0.99,Very High Risk
CUST_002298,Small Business,Healthcare,Basic,49.00,596.07,29,100,0,0.99,Very High Risk
CUST_003880,Mid-Market,Real Estate,Professional,149.00,3392.42,60,25,3,0.99,Very High Risk
CUST_003603,Startup,Retail,Basic,49.00,283.75,38,100,2,0.99,Very High Risk
CUST_002817,Startup,Retail,Basic,49.00,572.44,83,23,2,0.99,Very High Risk
CUST_004335,Enterprise,Manufacturing,Basic,49.00,192.15,20,28,4,0.99,Very High Risk
CUST_003573,Startup,Retail,Professional,149.00,3293.34,63,-41,0,0.99,Very High Risk
CUST_001206,Mid-Market,Manufacturing,Basic,49.00,979.31,40,8,4,0.99,Very High Risk
CUST_003382,Mid-Market,Retail,Basic,49.00,899.89,20,55,2,0.99,Very High Risk
CUST_001224,Small Business,Manufacturing,Professional,149.00,1178.38,81,-49,2,0.99,Very High Risk
CUST_002442,Small Business,Technology,Basic,49.00,191.75,33,54,1,0.99,Very High Risk
CUST_001702,Mid-Market,Technology,Professional,149.00,2778.96,64,-13,2,0.99,Very High Risk
CUST_000626,Small Business,Technology,Basic,49.00,973.57,59,26,0,0.99,Very High Risk
CUST_001691,Startup,Other,Business,399.00,1941.07,57,35,1,0.99,Very High Risk
CUST_002215,Mid-Market,Technology,Basic,49.00,1000.84,72,100,3,0.99,Very High Risk
CUST_000765,Small Business,Healthcare,Business,399.00,6127.89,59,67,3,0.99,Very High Risk
CUST_003085,Small Business,Other,Business,399.00,6054.48,39,47,0,0.99,Very High Risk
CUST_001772,Mid-Market,Technology,Basic,49.00,996.45,38,62,1,0.99,Very High Risk
CUST_002924,Mid-Market,Technology,Basic,49.00,1027.61,33,100,1,0.99,Very High Risk
CUST_002658,Mid-Market,Education,Enterprise,999.00,15321.73,63,57,2,0.99,Very High Risk
CUST_000176,Mid-Market,Technology,Professional,149.00,895.14,33,70,5,0.99,Very High Risk
CUST_001272,Small Business,Retail,Professional,149.00,2659.05,38,80,0,0.99,Very High Risk
CUST_002728,Small Business,Technology,Professional,149.00,2379.64,57,-12,0,0.99,Very High Risk
CUST_002522,Small Business,Real Estate,Basic,49.00,463.62,55,30,3,0.99,Very High Risk
CUST_004636,Mid-Market,Finance,Business,399.00,4710.64,30,9,0,0.99,Very High Risk
CUST_001244,Small Business,Manufacturing,Basic,49.00,434.23,25,-10,2,0.99,Very High Risk
CUST_003831,Small Business,Technology,Basic,49.00,674.74,63,52,4,0.99,Very High Risk
CUST_001163,Small Business,Retail,Enterprise,999.00,5863.42,42,37,1,0.99,Very High Risk
CUST_002125,Small Business,Education,Professional,149.00,2939.38,54,-7,2,0.99,Very High Risk
CUST_002843,Startup,Finance,Basic,49.00,256.08,62,100,1,0.99,Very High Risk
CUST_001979,Small Business,Technology,Professional,149.00,1198.67,26,-8,4,0.99,Very High Risk
CUST_003691,Small Business,Healthcare,Professional,149.00,3247.80,67,58,4,0.99,Very High Risk
CUST_004998,Small Business,Technology,Basic,49.00,1192.86,71,-14,1,0.98,Very High Risk
CUST_000950,Small Business,Technology,Basic,49.00,939.84,58,16,1,0.98,Very High Risk
CUST_001681,Small Business,Retail,Basic,49.00,382.16,68,34,0,0.98,Very High Risk
CUST_001780,Mid-Market,Manufacturing,Professional,149.00,874.29,26,78,3,0.98,Very High Risk
CUST_000090,Enterprise,Finance,Basic,49.00,356.13,37,60,0,0.98,Very High Risk
CUST_003354,Small Business,Technology,Basic,49.00,533.60,32,51,3,0.98,Very High Risk
CUST_004386,Small Business,Other,Business,399.00,5310.81,66,45,3,0.98,Very High Risk
CUST_001917,Small Business,Healthcare,Business,399.00,8181.77,29,70,0,0.98,Very High Risk
CUST_002123,Small Business,Retail,Business,399.00,8698.59,54,100,0,0.98,Very High Risk
CUST_000003,Small Business,Retail,Professional,149.00,3470.20,52,7,1,0.98,Very High Risk
CUST_000389,Small Business,Technology,Business,399.00,1631.16,35,44,3,0.98,Very High Risk
CUST_000208,Mid-Market,Healthcare,Basic,49.00,905.93,45,-28,2,0.98,Very High Risk
CUST_002498,Startup,Real Estate,Professional,149.00,1691.15,55,76,0,0.98,Very High Risk
CUST_004555,Mid-Market,Manufacturing,Basic,49.00,774.96,34,-21,2,0.98,Very High Risk
CUST_001996,Mid-Market,Healthcare,Enterprise,999.00,21057.65,87,16,0,0.98,Very High Risk
CUST_000099,Mid-Market,Finance,Basic,49.00,1081.32,62,45,2,0.98,Very High Risk
CUST_004071,Enterprise,Education,Basic,49.00,935.39,45,49,1,0.98,Very High Risk
CUST_004732,Small Business,Education,Business,399.00,4056.92,68,42,2,0.98,Very High Risk
CUST_004314,Small Business,Retail,Professional,149.00,2918.99,39,0,2,0.98,Very High Risk
CUST_002623,Small Business,Healthcare,Professional,149.00,3598.22,63,21,3,0.98,Very High Risk
CUST_003821,Enterprise,Technology,Professional,149.00,2393.15,79,5,1,0.98,Very High Risk
CUST_002031,Startup,Education,Basic,49.00,394.66,75,-94,1,0.98,Very High Risk
CUST_002560,Enterprise,Technology,Basic,49.00,1125.44,69,4,3,0.98,Very High Risk
CUST_000129,Small Business,Technology,Basic,49.00,1144.54,23,4,3,0.98,Very High Risk
CUST_004980,Startup,Finance,Basic,49.00,242.05,69,24,6,0.98,Very High Risk
CUST_004156,Mid-Market,Technology,Basic,49.00,535.88,44,-90,2,0.98,Very High Risk
CUST_003149,Small Business,Real Estate,Professional,149.00,1036.11,29,0,1,0.98,Very High Risk
CUST_004095,Small Business,Technology,Professional,149.00,579.90,66,39,2,0.98,Very High Risk
CUST_003270,Mid-Market,Healthcare,Basic,49.00,425.29,30,-8,1,0.98,Very High Risk
CUST_003951,Small Business,Finance,Professional,149.00,1059.19,48,75,5,0.98,Very High Risk
CUST_002018,Small Business,Manufacturing,Business,399.00,6088.56,45,-57,4,0.98,Very High Risk
CUST_000813,Small Business,Healthcare,Business,399.00,4013.29,49,8,1,0.98,Very High Risk
CUST_004298,Mid-Market,Other,Enterprise,999.00,4906.06,42,-1,0,0.98,Very High Risk
CUST_001859,Mid-Market,Retail,Basic,49.00,207.95,75,40,0,0.98,Very High Risk
CUST_002526,Small Business,Finance,Basic,49.00,427.26,74,2,2,0.98,Very High Risk
CUST_002580,Startup,Other,Basic,49.00,1182.70,67,-6,2,0.98,Very High Risk
CUST_004652,Startup,Retail,Enterprise,999.00,20145.32,60,5,4,0.98,Very High Risk
CUST_003350,Startup,Finance,Professional,149.00,2580.36,24,-13,1,0.98,Very High Risk
CUST_002491,Startup,Manufacturing,Professional,149.00,3416.82,47,71,4,0.98,Very High Risk
CUST_003391,Startup,Technology,Basic,49.00,306.32,77,-57,2,0.98,Very High Risk
CUST_000152,Startup,Technology,Basic,49.00,1126.88,30,17,0,0.98,Very High Risk
CUST_004305,Small Business,Education,Business,399.00,1560.46,84,8,0,0.98,Very High Risk
CUST_001237,Small Business,Healthcare,Business,399.00,8001.02,82,10,1,0.98,Very High Risk
CUST_003054,Startup,Retail,Basic,49.00,980.15,52,0,0,0.98,Very High Risk
CUST_003470,Small Business,Retail,Business,399.00,9681.25,53,-32,4,0.98,Very High Risk
CUST_000918,Small Business,Education,Professional,149.00,1372.19,13,60,2,0.98,Very High Risk
CUST_002584,Mid-Market,Finance,Basic,49.00,286.52,44,-13,0,0.98,Very High Risk
CUST_000182,Startup,Retail,Enterprise,999.00,6053.62,49,40,3,0.98,Very High Risk
CUST_003006,Mid-Market,Retail,Basic,49.00,645.11,64,56,4,0.98,Very High Risk
CUST_002119,Small Business,Real Estate,Basic,49.00,945.10,37,35,4,0.98,Very High Risk
CUST_001914,Mid-Market,Retail,Basic,49.00,236.02,53,22,4,0.98,Very High Risk
CUST_000771,Mid-Market,Education,Professional,149.00,3169.86,53,38,3,0.98,Very High Risk
CUST_001927,Mid-Market,Finance,Professional,149.00,2277.11,36,41,2,0.98,Very High Risk
CUST_002855,Small Business,Finance,Business,399.00,2364.23,33,-11,0,0.98,Very High Risk
CUST_000672,Enterprise,Technology,Business,399.00,3898.61,61,44,1,0.98,Very High Risk
CUST_001499,Mid-Market,Retail,Enterprise,999.00,17073.74,34,96,3,0.98,Very High Risk
CUST_001393,Mid-Market,Manufacturing,Professional,149.00,3591.91,15,59,4,0.98,Very High Risk
CUST_003172,Small Business,Real Estate,Basic,49.00,813.92,52,41,2,0.98,Very High Risk
CUST_003525,Startup,Manufacturing,Basic,49.00,344.42,50,-6,3,0.98,Very High Risk
CUST_002831,Startup,Healthcare,Business,399.00,1657.08,38,-3,3,0.98,Very High Risk
CUST_003207,Mid-Market,Technology,Enterprise,999.00,6997.26,55,29,4,0.98,Very High Risk
CUST_002932,Enterprise,Technology,Professional,149.00,2749.46,68,24,1,0.98,Very High Risk
CUST_003788,Startup,Healthcare,Business,399.00,8603.14,39,8,1,0.98,Very High Risk
CUST_002395,Startup,Finance,Professional,149.00,2445.31,29,-24,1,0.98,Very High Risk
CUST_000138,Mid-Market,Technology,Business,399.00,2046.22,67,-27,0,0.98,Very High Risk
CUST_001205,Mid-Market,Healthcare,Basic,49.00,801.31,35,-53,1,0.98,Very High Risk
CUST_000545,Small Business,Finance,Basic,49.00,205.60,23,32,3,0.98,Very High Risk
CUST_000487,Mid-Market,Finance,Business,399.00,1530.09,54,-11,0,0.98,Very High Risk
CUST_001727,Startup,Technology,Professional,149.00,2745.31,42,37,1,0.98,Very High Risk
CUST_004351,Small Business,Retail,Basic,49.00,1116.58,82,-12,2,0.98,Very High Risk
CUST_003904,Mid-Market,Finance,Business,399.00,9400.87,46,39,1,0.98,Very High Risk
CUST_002135,Enterprise,Finance,Business,399.00,1969.63,26,16,2,0.98,Very High Risk
CUST_001981,Mid-Market,Manufacturing,Professional,149.00,3548.12,75,38,2,0.98,Very High Risk
CUST_001274,Mid-Market,Education,Business,399.00,3357.89,81,56,3,0.98,Very High Risk
CUST_003737,Mid-Market,Manufacturing,Professional,149.00,2301.12,66,100,7,0.98,Very High Risk
CUST_004350,Small Business,Education,Professional,149.00,2693.44,36,53,3,0.98,Very High Risk
CUST_001832,Enterprise,Finance,Enterprise,999.00,5837.53,57,-31,2,0.98,Very High Risk
CUST_001088,Startup,Healthcare,Business,399.00,2429.15,68,56,5,0.98,Very High Risk
CUST_004251,Small Business,Technology,Enterprise,999.00,17223.19,61,52,0,0.98,Very High Risk
CUST_003493,Enterprise,Other,Business,399.00,8037.57,84,24,1,0.98,Very High Risk
CUST_002348,Startup,Education,Basic,49.00,1066.35,67,47,1,0.98,Very High Risk
CUST_000575,Startup,Finance,Professional,149.00,2815.38,36,41,5,0.98,Very High Risk
CUST_004657,Mid-Market,Technology,Basic,49.00,1219.35,66,30,1,0.98,Very High Risk
CUST_004088,Startup,Finance,Professional,149.00,3060.33,25,-17,3,0.98,Very High Risk
CUST_003616,Mid-Market,Finance,Business,399.00,1664.61,89,46,0,0.98,Very High Risk
CUST_004927,Small Business,Technology,Enterprise,999.00,14868.47,33,-55,2,0.98,Very High Risk
CUST_004329,Small Business,Education,Basic,49.00,828.12,37,100,3,0.98,Very High Risk
CUST_004959,Mid-Market,Education,Basic,49.00,529.01,53,-9,3,0.98,Very High Risk
CUST_000069,Small Business,Finance,Enterprise,999.00,18134.98,28,27,0,0.98,Very High Risk
CUST_002255,Enterprise,Real Estate,Basic,49.00,497.87,55,4,3,0.98,Very High Risk
CUST_004473,Startup,Education,Professional,149.00,3213.84,37,31,2,0.98,Very High Risk
CUST_002321,Small Business,Finance,Enterprise,999.00,11556.66,47,39,2,0.98,Very High Risk
CUST_000508,Small Business,Healthcare,Basic,49.00,305.53,60,64,0,0.98,Very High Risk
CUST_004510,Mid-Market,Retail,Professional,149.00,968.05,80,-8,1,0.98,Very High Risk
CUST_003464,Small Business,Technology,Basic,49.00,197.91,52,-8,1,0.98,Very High Risk
CUST_002150,Enterprise,Technology,Basic,49.00,1134.29,28,53,4,0.98,Very High Risk
CUST_003545,Mid-Market,Healthcare,Basic,49.00,397.18,43,40,3,0.97,Very High Risk
CUST_001646,Small Business,Technology,Business,399.00,4561.93,32,77,1,0.97,Very High Risk
CUST_002017,Small Business,Technology,Business,399.00,9141.92,85,64,1,0.97,Very High Risk
CUST_003656,Small Business,Finance,Basic,49.00,1049.53,87,29,4,0.97,Very High Risk
CUST_000504,Small Business,Technology,Business,399.00,1551.97,51,60,1,0.97,Very High Risk
CUST_001610,Startup,Other,Business,399.00,6009.51,85,83,3,0.97,Very High Risk
CUST_004668,Small Business,Healthcare,Basic,49.00,1155.00,46,50,2,0.97,Very High Risk
CUST_002059,Startup,Retail,Professional,149.00,3725.55,50,-18,0,0.97,Very High Risk
CUST_000499,Startup,Real Estate,Basic,49.00,311.08,54,32,2,0.97,Very High Risk
CUST_003967,Small Business,Healthcare,Professional,149.00,2511.07,90,95,4,0.97,Very High Risk
CUST_004870,Small Business,Healthcare,Business,399.00,9787.39,57,25,3,0.97,Very High Risk
CUST_004093,Mid-Market,Manufacturing,Basic,49.00,246.68,64,94,0,0.97,Very High Risk
CUST_000355,Small Business,Other,Professional,149.00,1698.52,38,11,2,0.97,Very High Risk
CUST_000778,Small Business,Manufacturing,Basic,49.00,595.17,53,16,0,0.97,Very High Risk
CUST_001693,Enterprise,Technology,Professional,149.00,2501.53,73,58,3,0.97,Very High Risk
CUST_004846,Startup,Finance,Basic,49.00,392.58,82,31,3,0.97,Very High Risk
CUST_004160,Startup,Education,Basic,49.00,934.59,59,-5,0,0.97,Very High Risk
CUST_000776,Startup,Healthcare,Professional,149.00,1499.77,42,21,2,0.97,Very High Risk
CUST_000602,Enterprise,Real Estate,Basic,49.00,199.29,35,38,2,0.97,Very High Risk
CUST_001684,Mid-Market,Technology,Basic,49.00,1114.95,27,-8,5,0.97,Very High Risk
CUST_003503,Small Business,Retail,Business,399.00,4550.94,15,-22,0,0.97,Very High Risk
CUST_003128,Startup,Healthcare,Enterprise,999.00,9529.37,67,-55,3,0.97,Very High Risk
CUST_004674,Startup,Education,Basic,49.00,992.77,44,21,1,0.97,Very High Risk
CUST_003406,Startup,Healthcare,Professional,149.00,1240.80,37,31,0,0.97,Very High Risk
CUST_004913,Small Business,Technology,Basic,49.00,1101.81,28,44,6,0.97,Very High Risk
CUST_000644,Small Business,Education,Enterprise,999.00,15868.20,57,40,1,0.97,Very High Risk
CUST_000013,Startup,Technology,Enterprise,999.00,5075.71,63,-20,1,0.97,Very High Risk
CUST_001465,Mid-Market,Other,Basic,49.00,1198.22,66,-43,2,0.97,Very High Risk
CUST_003543,Startup,Education,Basic,49.00,1075.81,53,18,6,0.97,Very High Risk
CUST_004940,Small Business,Manufacturing,Basic,49.00,290.97,46,-25,0,0.97,Very High Risk
CUST_002745,Startup,Retail,Enterprise,999.00,11382.55,57,6,2,0.97,Very High Risk
CUST_001279,Small Business,Retail,Basic,49.00,296.92,65,-21,2,0.97,Very High Risk
CUST_000959,Mid-Market,Technology,Enterprise,999.00,18352.87,39,-13,3,0.97,Very High Risk
CUST_001685,Startup,Finance,Professional,149.00,3198.38,94,30,1,0.97,Very High Risk
CUST_000710,Enterprise,Technology,Business,399.00,8488.13,35,-52,1,0.97,Very High Risk
CUST_004826,Startup,Retail,Basic,49.00,290.22,84,45,4,0.97,Very High Risk
CUST_004012,Enterprise,Technology,Basic,49.00,861.96,85,-32,1,0.97,Very High Risk
CUST_004599,Small Business,Healthcare,Enterprise,999.00,14779.81,70,-14,3,0.97,Very High Risk
CUST_004492,Mid-Market,Real Estate,Basic,49.00,952.17,86,85,7,0.97,Very High Risk
CUST_004460,Enterprise,Technology,Professional,149.00,2584.76,65,-43,1,0.97,Very High Risk
CUST_003072,Mid-Market,Manufacturing,Enterprise,999.00,22010.80,91,52,0,0.97,Very High Risk
CUST_003660,Small Business,Finance,Professional,149.00,1054.57,39,25,4,0.97,Very High Risk
CUST_000752,Mid-Market,Technology,Business,399.00,1589.31,82,100,5,0.97,Very High Risk
CUST_002486,Mid-Market,Manufacturing,Basic,49.00,619.94,27,68,0,0.97,Very High Risk
CUST_003309,Small Business,Retail,Basic,49.00,1199.77,27,-10,3,0.97,Very High Risk
CUST_000264,Small Business,Finance,Enterprise,999.00,4841.39,75,54,3,0.97,Very High Risk
CUST_004091,Startup,Other,Enterprise,999.00,18050.58,31,-44,2,0.97,Very High Risk
CUST_003236,Small Business,Manufacturing,Basic,49.00,590.45,58,8,0,0.97,Very High Risk
CUST_004883,Startup,Technology,Basic,49.00,232.92,58,44,3,0.97,Very High Risk
CUST_001423,Startup,Retail,Professional,149.00,2110.54,53,30,3,0.97,Very High Risk
CUST_004343,Mid-Market,Finance,Basic,49.00,220.08,52,68,1,0.97,Very High Risk
CUST_002879,Small Business,Technology,Enterprise,999.00,6907.13,47,-20,4,0.97,Very High Risk
CUST_004822,Startup,Technology,Business,399.00,2774.07,29,59,3,0.97,Very High Risk
CUST_003234,Enterprise,Education,Business,399.00,4025.37,43,10,1,0.97,Very High Risk
CUST_003953,Small Business,Manufacturing,Business,399.00,9689.59,73,42,3,0.97,Very High Risk
CUST_002327,Mid-Market,Healthcare,Enterprise,999.00,17166.71,81,65,4,0.97,Very High Risk
CUST_004368,Mid-Market,Finance,Basic,49.00,1167.96,64,-9,1,0.97,Very High Risk
CUST_004041,Mid-Market,Education,Enterprise,999.00,20872.74,47,60,1,0.97,Very High Risk
CUST_001470,Mid-Market,Other,Professional,149.00,560.47,75,62,4,0.97,Very High Risk
CUST_003911,Small Business,Other,Enterprise,999.00,6914.78,86,47,5,0.97,Very High Risk
CUST_003617,Small Business,Healthcare,Professional,149.00,2816.63,100,66,1,0.97,Very High Risk
CUST_001865,Startup,Finance,Basic,49.00,207.92,49,-14,1,0.96,Very High Risk
CUST_001066,Mid-Market,Education,Basic,49.00,303.90,78,23,1,0.96,Very High Risk
CUST_001355,Mid-Market,Technology,Enterprise,999.00,4926.77,58,-6,3,0.96,Very High Risk
CUST_004301,Startup,Technology,Enterprise,999.00,15150.27,42,44,1,0.96,Very High Risk
CUST_001647,Small Business,Retail,Basic,49.00,744.81,62,54,2,0.96,Very High Risk
CUST_003294,Mid-Market,Technology,Professional,149.00,599.11,92,41,2,0.96,Very High Risk
CUST_000235,Enterprise,Manufacturing,Business,399.00,8593.16,61,5,0,0.96,Very High Risk
CUST_002206,Startup,Retail,Enterprise,999.00,21494.42,72,51,2,0.96,Very High Risk
CUST_001007,Startup,Retail,Enterprise,999.00,7225.31,50,-2,3,0.96,Very High Risk
CUST_000158,Small Business,Healthcare,Basic,49.00,1089.61,76,34,2,0.96,Very High Risk
CUST_004477,Startup,Finance,Basic,49.00,544.21,48,84,3,0.96,Very High Risk
CUST_004549,Small Business,Healthcare,Basic,49.00,835.50,44,-46,1,0.96,Very High Risk
CUST_004987,Startup,Finance,Business,399.00,2899.39,70,51,1,0.96,Very High Risk
CUST_004819,Startup,Healthcare,Professional,149.00,3723.83,27,56,0,0.96,Very High Risk
CUST_002531,Startup,Other,Basic,49.00,294.37,55,24,5,0.96,Very High Risk
CUST_003434,Enterprise,Healthcare,Professional,149.00,2670.55,41,8,1,0.96,Very High Risk
CUST_000800,Startup,Real Estate,Basic,49.00,670.81,52,-38,0,0.96,Very High Risk
CUST_000536,Small Business,Finance,Professional,149.00,1001.82,45,38,1,0.96,Very High Risk
CUST_000730,Enterprise,Retail,Business,399.00,8861.90,59,-7,2,0.96,Very High Risk
CUST_003907,Startup,Manufacturing,Business,399.00,4174.56,94,-32,1,0.96,Very High Risk
CUST_000652,Enterprise,Technology,Enterprise,999.00,8297.94,41,-17,1,0.96,Very High Risk
CUST_003780,Small Business,Education,Professional,149.00,2441.21,100,19,2,0.96,Very High Risk
CUST_002165,Enterprise,Retail,Basic,49.00,1200.13,81,61,2,0.96,Very High Risk
CUST_000151,Mid-Market,Technology,Professional,149.00,795.69,6,-2,6,0.96,Very High Risk
CUST_003061,Small Business,Manufacturing,Enterprise,999.00,23084.94,30,100,0,0.96,Very High Risk
CUST_001126,Small Business,Manufacturing,Enterprise,999.00,13667.99,57,73,3,0.96,Very High Risk
CUST_004417,Enterprise,Technology,Business,399.00,4740.58,91,89,2,0.96,Very High Risk
CUST_002264,Small Business,Retail,Basic,49.00,550.14,43,66,4,0.96,Very High Risk
CUST_004500,Enterprise,Healthcare,Professional,149.00,1476.72,61,-47,3,0.96,Very High Risk
CUST_003448,Small Business,Finance,Professional,149.00,884.41,88,47,5,0.96,Very High Risk
CUST_002816,Small Business,Retail,Business,399.00,8939.31,54,53,3,0.96,Very High Risk
CUST_002078,Small Business,Other,Basic,49.00,241.07,57,66,2,0.96,Very High Risk
CUST_002947,Enterprise,Other,Business,399.00,3661.21,83,18,4,0.95,Very High Risk
CUST_000818,Mid-Market,Real Estate,Basic,49.00,671.41,48,-8,5,0.95,Very High Risk
CUST_002050,Small Business,Other,Enterprise,999.00,7257.06,65,75,3,0.95,Very High Risk
CUST_002558,Enterprise,Retail,Basic,49.00,692.57,51,55,3,0.95,Very High Risk
CUST_002999,Enterprise,Healthcare,Professional,149.00,1516.76,56,32,1,0.95,Very High Risk
CUST_001611,Mid-Market,Technology,Business,399.00,1773.22,64,58,5,0.95,Very High Risk
CUST_002710,Startup,Technology,Business,399.00,9633.09,65,46,0,0.95,Very High Risk
CUST_000430,Small Business,Finance,Enterprise,999.00,10709.97,64,56,2,0.95,Very High Risk
CUST_004787,Mid-Market,Finance,Professional,149.00,1793.92,63,-16,1,0.95,Very High Risk
CUST_002703,Startup,Retail,Basic,49.00,1152.69,78,-36,3,0.95,Very High Risk
CUST_003235,Mid-Market,Technology,Basic,49.00,1217.91,88,13,2,0.95,Very High Risk
CUST_001204,Mid-Market,Retail,Professional,149.00,1649.21,25,-32,1,0.95,Very High Risk
CUST_004180,Mid-Market,Finance,Basic,49.00,337.53,37,-100,1,0.95,Very High Risk
CUST_002676,Small Business,Technology,Enterprise,999.00,15398.58,62,14,7,0.95,Very High Risk
CUST_003490,Mid-Market,Retail,Basic,49.00,844.41,100,39,4,0.95,Very High Risk
CUST_001194,Mid-Market,Technology,Basic,49.00,239.86,46,100,1,0.95,Very High Risk
CUST_000433,Mid-Market,Retail,Basic,49.00,964.24,93,60,2,0.95,Very High Risk
CUST_003548,Startup,Technology,Professional,149.00,624.21,78,3,2,0.95,Very High Risk
CUST_002359,Mid-Market,Finance,Enterprise,999.00,15224.01,31,73,1,0.95,Very High Risk
CUST_001652,Startup,Manufacturing,Business,399.00,4212.18,52,25,3,0.95,Very High Risk
CUST_003694,Mid-Market,Finance,Business,399.00,9722.17,84,0,2,0.95,Very High Risk
CUST_000509,Small Business,Finance,Basic,49.00,753.14,65,-42,4,0.95,Very High Risk
CUST_001403,Small Business,Finance,Basic,49.00,1168.92,96,-30,2,0.95,Very High Risk
CUST_001534,Mid-Market,Healthcare,Basic,49.00,345.85,61,-19,3,0.95,Very High Risk
CUST_000530,Mid-Market,Technology,Enterprise,999.00,16302.42,30,-67,3,0.95,Very High Risk
CUST_000890,Small Business,Retail,Professional,149.00,1540.59,19,23,2,0.95,Very High Risk
CUST_003324,Mid-Market,Retail,Business,399.00,3705.60,51,4,2,0.95,Very High Risk
CUST_003204,Small Business,Real Estate,Business,399.00,4240.85,62,-17,2,0.95,Very High Risk
CUST_001882,Enterprise,Real Estate,Enterprise,999.00,17024.44,69,58,3,0.95,Very High Risk
CUST_001386,Startup,Finance,Professional,149.00,1046.98,40,54,4,0.95,Very High Risk
CUST_004944,Small Business,Retail,Enterprise,999.00,24012.93,42,4,3,0.95,Very High Risk
CUST_001489,Small Business,Healthcare,Basic,49.00,238.65,100,-31,0,0.95,Very High Risk
CUST_004278,Startup,Education,Basic,49.00,466.71,81,-14,4,0.95,Very High Risk
CUST_000589,Startup,Education,Basic,49.00,855.50,86,13,4,0.95,Very High Risk
CUST_003082,Mid-Market,Healthcare,Basic,49.00,610.61,41,35,3,0.95,Very High Risk
CUST_000201,Startup,Finance,Basic,49.00,859.04,76,54,2,0.95,Very High Risk
CUST_003414,Enterprise,Technology,Basic,49.00,641.53,68,82,2,0.95,Very High Risk
CUST_002139,Enterprise,Healthcare,Basic,49.00,431.60,47,24,1,0.95,Very High Risk
CUST_003820,Startup,Manufacturing,Professional,149.00,1773.88,26,-15,2,0.95,Very High Risk
CUST_001894,Startup,Real Estate,Business,399.00,6554.43,41,30,0,0.94,Very High Risk
CUST_003160,Mid-Market,Real Estate,Business,399.00,6830.26,100,84,3,0.94,Very High Risk
CUST_004985,Mid-Market,Healthcare,Basic,49.00,650.94,20,0,0,0.94,Very High Risk
CUST_000740,Mid-Market,Technology,Professional,149.00,773.14,81,100,1,0.94,Very High Risk
CUST_000254,Small Business,Education,Professional,149.00,1479.44,41,-36,2,0.94,Very High Risk
CUST_001045,Startup,Technology,Enterprise,999.00,5859.93,76,30,5,0.94,Very High Risk
CUST_002976,Enterprise,Finance,Enterprise,999.00,10184.38,76,78,2,0.94,Very High Risk
CUST_003026,Startup,Technology,Business,399.00,6799.89,64,35,0,0.94,Very High Risk
CUST_000368,Enterprise,Technology,Basic,49.00,1072.08,100,57,4,0.94,Very High Risk
CUST_001675,Enterprise,Finance,Business,399.00,1544.96,91,-32,1,0.94,Very High Risk
CUST_003726,Small Business,Healthcare,Professional,149.00,1194.68,16,5,3,0.94,Very High Risk
CUST_002105,Mid-Market,Real Estate,Basic,49.00,837.09,43,100,3,0.94,Very High Risk
CUST_000029,Enterprise,Technology,Enterprise,999.00,12266.59,45,-4,6,0.94,Very High Risk
CUST_001139,Mid-Market,Manufacturing,Professional,149.00,3665.18,63,76,2,0.94,Very High Risk
CUST_000758,Mid-Market,Technology,Professional,149.00,1025.82,40,27,0,0.94,Very High Risk
CUST_003188,Startup,Finance,Business,399.00,4081.13,33,97,2,0.94,Very High Risk
CUST_004212,Enterprise,Retail,Basic,49.00,192.60,42,68,3,0.94,Very High Risk
CUST_004072,Startup,Other,Basic,49.00,661.92,22,-41,1,0.94,Very High Risk
CUST_004733,Mid-Market,Healthcare,Basic,49.00,720.42,62,-19,5,0.94,Very High Risk
CUST_001430,Mid-Market,Technology,Business,399.00,2655.62,63,18,1,0.94,Very High Risk
CUST_001717,Mid-Market,Other,Basic,49.00,392.93,78,12,1,0.94,Very High Risk
CUST_002488,Mid-Market,Healthcare,Enterprise,999.00,8964.95,42,63,3,0.94,Very High Risk
CUST_001001,Mid-Market,Healthcare,Professional,149.00,1840.88,55,26,3,0.94,Very High Risk
CUST_002811,Small Business,Healthcare,Enterprise,999.00,10911.16,62,21,3,0.94,Very High Risk
CUST_002228,Mid-Market,Technology,Enterprise,999.00,12300.69,37,28,1,0.94,Very High Risk
CUST_002894,Startup,Manufacturing,Basic,49.00,587.42,61,-54,1,0.94,Very High Risk
CUST_002557,Startup,Other,Business,399.00,3734.55,54,70,1,0.94,Very High Risk
CUST_000073,Small Business,Healthcare,Enterprise,999.00,4765.79,60,22,2,0.94,Very High Risk
CUST_002786,Mid-Market,Retail,Business,399.00,2014.78,79,53,3,0.94,Very High Risk
CUST_003154,Mid-Market,Technology,Business,399.00,1962.25,64,-30,1,0.94,Very High Risk
CUST_002697,Mid-Market,Education,Professional,149.00,2325.29,53,54,1,0.94,Very High Risk
CUST_004643,Startup,Technology,Basic,49.00,840.38,39,65,3,0.94,Very High Risk
CUST_002025,Startup,Technology,Professional,149.00,2503.56,80,81,3,0.93,Very High Risk
CUST_001422,Startup,Technology,Business,399.00,1627.62,72,13,1,0.93,Very High Risk
CUST_001215,Small Business,Technology,Basic,49.00,464.92,75,70,2,0.93,Very High Risk
CUST_001514,Startup,Technology,Professional,149.00,2537.14,28,14,1,0.93,Very High Risk
CUST_000857,Mid-Market,Technology,Business,399.00,1681.28,50,0,2,0.93,Very High Risk
CUST_001343,Startup,Technology,Professional,149.00,901.27,44,21,2,0.93,Very High Risk
CUST_002567,Startup,Real Estate,Enterprise,999.00,11177.35,59,-4,3,0.93,Very High Risk
CUST_001377,Startup,Finance,Professional,149.00,1988.17,65,55,2,0.93,Very High Risk
CUST_004360,Small Business,Education,Professional,149.00,613.77,66,69,2,0.93,Very High Risk
CUST_003472,Mid-Market,Technology,Business,399.00,9776.82,22,23,1,0.93,Very High Risk
CUST_001540,Startup,Healthcare,Business,399.00,8348.24,65,39,2,0.93,Very High Risk
CUST_002409,Small Business,Real Estate,Basic,49.00,913.79,39,-94,1,0.93,Very High Risk
CUST_002005,Startup,Healthcare,Professional,149.00,2047.92,44,22,2,0.92,Very High Risk
CUST_001790,Startup,Finance,Professional,149.00,2726.52,97,-24,1,0.92,Very High Risk
CUST_003816,Small Business,Retail,Business,399.00,5525.43,66,32,1,0.92,Very High Risk
CUST_003655,Startup,Education,Business,399.00,8168.24,54,67,2,0.92,Very High Risk
CUST_000807,Enterprise,Education,Business,399.00,4976.99,71,45,3,0.92,Very High Risk
CUST_001239,Mid-Market,Education,Business,399.00,6352.47,75,5,1,0.92,Very High Risk
CUST_001545,Enterprise,Manufacturing,Basic,49.00,1169.07,57,53,2,0.92,Very High Risk
CUST_002545,Enterprise,Technology,Professional,149.00,1750.82,22,100,2,0.92,Very High Risk
CUST_004979,Small Business,Retail,Business,399.00,6341.13,37,48,4,0.92,Very High Risk
CUST_003848,Startup,Real Estate,Professional,149.00,597.12,56,32,2,0.92,Very High Risk
CUST_003929,Small Business,Healthcare,Enterprise,999.00,12318.27,53,26,2,0.92,Very High Risk
CUST_002549,Mid-Market,Education,Business,399.00,6214.68,57,50,1,0.92,Very High Risk
CUST_000713,Startup,Finance,Business,399.00,4001.19,66,99,4,0.92,Very High Risk
CUST_000248,Small Business,Finance,Basic,49.00,1075.37,52,27,2,0.91,Very High Risk
CUST_004768,Small Business,Healthcare,Business,399.00,7903.35,81,87,4,0.91,Very High Risk
CUST_002685,Small Business,Retail,Enterprise,999.00,9923.97,86,-55,0,0.91,Very High Risk
CUST_000554,Startup,Real Estate,Business,399.00,5457.12,55,100,3,0.91,Very High Risk
CUST_004493,Small Business,Healthcare,Business,399.00,1960.58,43,28,5,0.91,Very High Risk
CUST_001046,Enterprise,Finance,Professional,149.00,1298.83,62,13,2,0.91,Very High Risk
CUST_001291,Small Business,Healthcare,Basic,49.00,678.15,56,50,3,0.91,Very High Risk
CUST_002155,Small Business,Healthcare,Enterprise,999.00,9845.97,62,1,3,0.91,Very High Risk
CUST_003108,Mid-Market,Manufacturing,Professional,149.00,2902.45,52,41,0,0.91,Very High Risk
CUST_001297,Enterprise,Manufacturing,Business,399.00,3212.45,56,-3,0,0.91,Very High Risk
CUST_004099,Startup,Real Estate,Professional,149.00,1038.71,51,38,3,0.90,Very High Risk
CUST_001189,Startup,Manufacturing,Basic,49.00,575.18,45,54,0,0.90,Very High Risk
CUST_001318,Startup,Manufacturing,Enterprise,999.00,6174.86,41,24,4,0.90,Very High Risk
CUST_004720,Small Business,Finance,Enterprise,999.00,6963.82,61,3,2,0.89,Very High Risk
CUST_000334,Enterprise,Education,Basic,49.00,241.02,56,37,0,0.89,Very High Risk
CUST_004221,Startup,Technology,Enterprise,999.00,10137.06,69,100,3,0.89,Very High Risk
CUST_000981,Small Business,Healthcare,Professional,149.00,1055.26,45,-30,3,0.89,Very High Risk
CUST_002654,Small Business,Technology,Professional,149.00,2033.49,75,34,3,0.89,Very High Risk
CUST_002420,Small Business,Finance,Professional,149.00,1842.08,38,85,7,0.89,Very High Risk
CUST_000811,Small Business,Education,Basic,49.00,193.61,61,-54,5,0.88,Very High Risk
CUST_003264,Mid-Market,Manufacturing,Enterprise,999.00,8744.89,69,50,0,0.88,Very High Risk
CUST_004866,Startup,Technology,Professional,149.00,1059.68,41,24,2,0.88,Very High Risk
CUST_003067,Enterprise,Finance,Basic,49.00,1160.59,79,94,3,0.88,Very High Risk
CUST_000746,Startup,Retail,Enterprise,999.00,8070.72,66,43,1,0.88,Very High Risk
CUST_000850,Mid-Market,Other,Basic,49.00,958.43,63,38,2,0.88,Very High Risk
CUST_004687,Small Business,Healthcare,Basic,49.00,201.78,61,40,0,0.87,Very High Risk
CUST_003095,Enterprise,Technology,Business,399.00,1648.39,12,27,3,0.87,Very High Risk
CUST_001290,Small Business,Technology,Professional,149.00,2400.20,68,72,0,0.87,Very High Risk
CUST_002760,Startup,Technology,Professional,149.00,3394.35,69,29,2,0.87,Very High Risk
CUST_004013,Small Business,Technology,Enterprise,999.00,4596.93,29,32,0,0.86,Very High Risk
CUST_000291,Startup,Real Estate,Business,399.00,1664.32,60,-28,1,0.86,Very High Risk
CUST_001471,Enterprise,Education,Basic,49.00,647.86,100,61,2,0.85,Very High Risk
CUST_003975,Small Business,Technology,Basic,49.00,249.15,59,-34,3,0.84,Very High Risk
CUST_002406,Mid-Market,Healthcare,Basic,49.00,199.08,72,-34,5,0.84,Very High Risk
CUST_003383,Startup,Manufacturing,Basic,49.00,1197.41,62,6,1,0.81,Very High Risk
CUST_001460,Mid-Market,Technology,Business,399.00,5034.73,11,36,4,0.80,Very High Risk
CUST_004528,Startup,Education,Basic,49.00,354.66,38,73,3,0.79,Very High Risk
CUST_001154,Small Business,Technology,Enterprise,999.00,24768.87,54,-25,3,0.78,Very High Risk
CUST_000168,Small Business,Manufacturing,Business,399.00,7694.58,68,7,3,0.77,Very High Risk
CUST_004142,Small Business,Healthcare,Business,399.00,6297.39,55,16,0,0.76,Very High Risk
CUST_000025,Small Business,Finance,Basic,49.00,534.66,83,5,1,0.75,Very High Risk
CUST_004231,Enterprise,Retail,Business,399.00,8739.90,47,100,1,0.69,High Risk
CUST_004242,Startup,Finance,Professional,149.00,442.98,68,-9,0,0.64,High Risk
